<?xml version="1.0" encoding="UTF-8"?>
<project-private xmlns="http://www.netbeans.org/ns/project-private/1">
    <editor-bookmarks xmlns="http://www.netbeans.org/ns/editor-bookmarks/2" lastBookmarkId="0"/>
    <open-files xmlns="http://www.netbeans.org/ns/projectui-open-files/2">
        <group>
            <file>file:/C:/Users/Erick.LAPTOP-BRTCC4LA/Documents/NetBeansProjects/Calculadora/src/calculadora/CalculadoraCientifica.java</file>
            <file>file:/C:/Users/Erick.LAPTOP-BRTCC4LA/Documents/NetBeansProjects/Calculadora/src/calculadora/RunCalculadora.java</file>
            <file>file:/C:/Users/Erick.LAPTOP-BRTCC4LA/Documents/NetBeansProjects/Calculadora/src/calculadora/Calculadora.java</file>
            <file>file:/C:/Users/Erick.LAPTOP-BRTCC4LA/Documents/NetBeansProjects/Calculadora/src/calculadora/IOperacionesAvanzadas.java</file>
            <file>file:/C:/Users/Erick.LAPTOP-BRTCC4LA/Documents/NetBeansProjects/Calculadora/src/calculadora/OperacionesAvanzadas.java</file>
            <file>file:/C:/Users/Erick.LAPTOP-BRTCC4LA/Documents/NetBeansProjects/Calculadora/src/calculadora/OperacionesBasicas.java</file>
        </group>
    </open-files>
</project-private>
