<?xml version="1.0" encoding="UTF-8"?>
<project-private xmlns="http://www.netbeans.org/ns/project-private/1">
    <editor-bookmarks xmlns="http://www.netbeans.org/ns/editor-bookmarks/2" lastBookmarkId="0"/>
    <open-files xmlns="http://www.netbeans.org/ns/projectui-open-files/2">
        <group>
            <file>file:/C:/Users/Erick.LAPTOP-BRTCC4LA/Documents/NetBeansProjects/P7LPOO032_ErickSoriano/src/practica7/Gato.java</file>
            <file>file:/C:/Users/Erick.LAPTOP-BRTCC4LA/Documents/NetBeansProjects/P7LPOO032_ErickSoriano/src/practica7/Perro.java</file>
            <file>file:/C:/Users/Erick.LAPTOP-BRTCC4LA/Documents/NetBeansProjects/P7LPOO032_ErickSoriano/src/practica7/Jaguar.java</file>
            <file>file:/C:/Users/Erick.LAPTOP-BRTCC4LA/Documents/NetBeansProjects/P7LPOO032_ErickSoriano/src/practica7/Cocodrilo.java</file>
            <file>file:/C:/Users/Erick.LAPTOP-BRTCC4LA/Documents/NetBeansProjects/P7LPOO032_ErickSoriano/src/practica7/Animal.java</file>
            <file>file:/C:/Users/Erick.LAPTOP-BRTCC4LA/Documents/NetBeansProjects/P7LPOO032_ErickSoriano/src/practica7/Gorrion.java</file>
            <file>file:/C:/Users/Erick.LAPTOP-BRTCC4LA/Documents/NetBeansProjects/P7LPOO032_ErickSoriano/src/practica7/RunPractica7.java</file>
        </group>
    </open-files>
</project-private>
