<?xml version="1.0" encoding="UTF-8"?>
<project-private xmlns="http://www.netbeans.org/ns/project-private/1">
    <editor-bookmarks xmlns="http://www.netbeans.org/ns/editor-bookmarks/2" lastBookmarkId="0"/>
    <open-files xmlns="http://www.netbeans.org/ns/projectui-open-files/2">
        <group>
            <file>file:/C:/Users/Erick.LAPTOP-BRTCC4LA/Documents/NetBeansProjects/P9LPOO032_ErickSoriano/src/practica9/Person.java</file>
            <file>file:/C:/Users/Erick.LAPTOP-BRTCC4LA/Documents/NetBeansProjects/P9LPOO032_ErickSoriano/src/practica9/Staff.java</file>
            <file>file:/C:/Users/Erick.LAPTOP-BRTCC4LA/Documents/NetBeansProjects/P9LPOO032_ErickSoriano/src/practica9/RunPractica9.java</file>
        </group>
    </open-files>
</project-private>
