<?xml version="1.0" encoding="UTF-8"?>
<project-private xmlns="http://www.netbeans.org/ns/project-private/1">
    <editor-bookmarks xmlns="http://www.netbeans.org/ns/editor-bookmarks/2" lastBookmarkId="0"/>
    <open-files xmlns="http://www.netbeans.org/ns/projectui-open-files/2">
        <group>
            <file>file:/C:/Users/Erick.LAPTOP-BRTCC4LA/Documents/NetBeansProjects/Productos/src/java/Controlador/MostrarProductos.java</file>
            <file>file:/C:/Users/Erick.LAPTOP-BRTCC4LA/Documents/NetBeansProjects/Productos/src/java/Modelos/Productos.java</file>
            <file>file:/C:/Users/Erick.LAPTOP-BRTCC4LA/Documents/NetBeansProjects/Productos/web/AgregarProducto.html</file>
            <file>file:/C:/Users/Erick.LAPTOP-BRTCC4LA/Documents/NetBeansProjects/Productos/src/java/Controlador/EliminarProducto.java</file>
            <file>file:/C:/Users/Erick.LAPTOP-BRTCC4LA/Documents/NetBeansProjects/Productos/src/java/Controlador/ModificarProducto.java</file>
            <file>file:/C:/Users/Erick.LAPTOP-BRTCC4LA/Documents/NetBeansProjects/Productos/src/java/Controlador/AgregarProducto.java</file>
            <file>file:/C:/Users/Erick.LAPTOP-BRTCC4LA/Documents/NetBeansProjects/Productos/web/META-INF/context.xml</file>
            <file>file:/C:/Users/Erick.LAPTOP-BRTCC4LA/Documents/NetBeansProjects/Productos/web/index.html</file>
        </group>
    </open-files>
</project-private>
