<?xml version="1.0" encoding="UTF-8"?>
<project-private xmlns="http://www.netbeans.org/ns/project-private/1">
    <editor-bookmarks xmlns="http://www.netbeans.org/ns/editor-bookmarks/2" lastBookmarkId="0"/>
    <open-files xmlns="http://www.netbeans.org/ns/projectui-open-files/2">
        <group>
            <file>file:/C:/Users/Dell/Documents/NetBeansProjects/P3_LPOO_032_ErickSoriano/src/dispositivoelectrónico/DispositivoElectronico.java</file>
            <file>file:/C:/Users/Dell/Documents/NetBeansProjects/P3_LPOO_032_ErickSoriano/src/dispositivoelectrónico/IOperacionesAritmeticas.java</file>
            <file>file:/C:/Users/Dell/Documents/NetBeansProjects/P3_LPOO_032_ErickSoriano/src/dispositivoelectrónico/RunDispositivoElectrónico.java</file>
            <file>file:/C:/Users/Dell/Documents/NetBeansProjects/P3_LPOO_032_ErickSoriano/src/dispositivoelectrónico/Calculadora.java</file>
            <file>file:/C:/Users/Dell/Documents/NetBeansProjects/P3_LPOO_032_ErickSoriano/src/dispositivoelectrónico/Telefono.java</file>
        </group>
    </open-files>
</project-private>
